date,method,reported,eps_n,eps_beat_pct,eps_meet_pct,eps_miss_pct,eps_above_pct,eps_agg_surprise_pct,eps_median_surprise_pct,rev_n,rev_beat_pct,rev_agg_surprise_pct,blended_growth_pct
2026-09-10,replay,2,2,50.0,0.0,50.0,50.0,11.22,7.5,0,,,
2026-09-16,replay,3,3,33.3,0.0,66.7,33.3,10.46,-2.26,0,,,
2026-09-22,replay,4,4,50.0,0.0,50.0,50.0,9.52,0.25,0,,,
2026-09-23,replay,7,7,57.1,14.3,28.6,71.4,8.4,2.77,0,,,
2026-09-24,replay,9,9,55.6,22.2,22.2,66.7,6.63,1.85,0,,,
2026-09-29,replay,10,10,60.0,20.0,20.0,70.0,6.43,2.31,0,,,
2026-09-30,replay,13,13,69.2,15.4,15.4,76.9,5.89,2.96,0,,,
2026-10-01,replay,16,16,75.0,12.5,12.5,81.2,5.88,3.65,0,,,
2026-10-06,live,16,16,75.0,12.5,12.5,81.2,5.88,3.65,0,,,23.7
2026-10-07,live,17,17,76.5,11.8,11.8,82.4,5.85,3.31,0,,,23.6
2026-10-08,live,17,17,76.5,11.8,11.8,82.4,5.85,3.31,0,,,23.6
